keywords,technician
plumbing,Plumbing
pipe,Plumbing
piping,Plumbing
pipeline,Plumbing
leak,Plumbing
leaking,Plumbing
leakage,Plumbing
clog,Plumbing
clogged,Plumbing
clogging,Plumbing
sewage,Plumbing
washroom,Plumbing
toilet,Plumbing
toilet flush,Plumbing
drain,Plumbing
drainage,Plumbing
faucet,Plumbing
sink,Plumbing
toilet,Plumbing
shower,Plumbing
water,Plumbing
hot water,Plumbing
cold water,Plumbing
water heater,Plumbing
sewer,Plumbing
backflow,Plumbing
sump pump,Plumbing
burst pipe,Plumbing
water pressure,Plumbing
sewer backup,Plumbing
sump pump failure,Plumbing
toilet running,Plumbing
water softener,Plumbing
shower head,Plumbing
drain snake,Plumbing
garbage disposal,Plumbing
septic tank,Plumbing
grease trap,Plumbing
water filtration,Plumbing
main water line,Plumbing
backwater valve,Plumbing
water line repair,Plumbing
shut-off valve,Plumbing
sewage ejector pump,Plumbing
slab leak,Plumbing
plumbing vent,Plumbing
bathroom remodeling,Plumbing
kitchen remodeling,Plumbing
tankless water heater,Plumbing
water pressure regulator,Plumbing
clogged sink,Plumbing
clogged toilet,Plumbing
gas line installation,Plumbing
gas line repair,Plumbing
water leak detection,Plumbing
water main repair,Plumbing
sewer line repair,Plumbing
faucet repair,Plumbing
faucet installation,Plumbing
plumbing inspection,Plumbing
shower valve,Plumbing
toilet installation,Plumbing
water heater installation,Plumbing
water heater repair,Plumbing
burst water heater,Plumbing
water heater maintenance,Plumbing
trenchless sewer repair,Plumbing
repiping,Plumbing
garage heater installation,Plumbing
garage heater repair,Plumbing
gas leak detection,Plumbing
gas leak repair,Plumbing
outdoor plumbing,Plumbing
outdoor faucet,Plumbing
outdoor shower,Plumbing
outdoor kitchen,Plumbing
outdoor drainage,Plumbing
basement plumbing,Plumbing
flood prevention,Plumbing
flood restoration,Plumbing
flood cleanup,Plumbing
water damage repair,Plumbing
water damage restoration,Plumbing
backflow prevention,Plumbing
water meter installation,Plumbing
septic system repair,Plumbing
septic system installation,Plumbing
water softener installation,Plumbing
water softener repair,Plumbing
garbage disposal installation,Plumbing
garbage disposal repair,Plumbing
water filtration installation,Plumbing
water filtration repair,Plumbing
bathroom fixture installation,Plumbing
kitchen fixture installation,Plumbing
dishwasher installation,Plumbing
dishwasher repair,Plumbing
washing machine installation,Plumbing
washing machine repair,Plumbing
laundry room plumbing,Plumbing
frozen pipes,Plumbing
no hot water,Plumbing
no cold water,Plumbing
water hammer,Plumbing
sewer gas smell,Plumbing
shower drain clog,Plumbing
sink drain clog,Plumbing
toilet drain clog,Plumbing
gas water heater,Plumbing
electric water heater,Plumbing
well pump installation,Plumbing
well pump repair,Plumbing
hydronic heating installation,Plumbing
hydronic heating repair,Plumbing
water line replacement,Plumbing
sewer line replacement,Plumbing
emergency plumbing,Plumbing
24 hour plumbing,Plumbing
plumbing maintenance,Plumbing
plumbing fixtures,Plumbing
plumbing system maintenance,Plumbing
sewer line cleaning,Plumbing
water heater replacement,Plumbing
water pressure issues,Plumbing
clogged shower drain,Plumbing
garbage disposal clogs,Plumbing
garbage disposal leaks,Plumbing
leaky faucet,Plumbing
low water pressure,Plumbing
sewer line clogs,Plumbing
shower valve replacement,Plumbing
toilet leaks,Plumbing
toilet replacements,Plumbing
water heater maintenance and repair,Plumbing
water leaks,Plumbing
water line repair and replacement,Plumbing
backflow prevention testing and repair,Plumbing
drain cleaning,Plumbing
gas line installation and repair,Plumbing
leak detection and repair,Plumbing
plumbing inspections and tune-ups,Plumbing
plumbing remodels and upgrades,Plumbing
sewer repair and replacement,Plumbing
sump pump installation and repair,Plumbing
water heater installation and repair,Plumbing
water softener installation and repair,Plumbing
bathroom plumbing,Plumbing
kitchen plumbing,Plumbing
faucet replacements and repairs,Plumbing
plumbing emergencies,Plumbing
water damage restoration and cleanup,Plumbing
drain unclogging and cleaning,Plumbing
septic tank pumping and cleaning,Plumbing
toilet clogs,Plumbing
water filtration systems,Plumbing
water heater troubleshooting,Plumbing
water main break repairs,Plumbing
water quality testing,Plumbing
frozen pipe repairs,Plumbing
emergency gas line repairs,Plumbing
outdoor gas lines,Plumbing
toilet bowl cleaning,Plumbing
water heater pilot light repairs,Plumbing
leaking pipes,Plumbing
smelly water,Plumbing
slow drains,Plumbing
tub and shower installations,Plumbing
water heater gas line repairs,Plumbing
gas piping,Plumbing
water softener installation and maintenance,Plumbing
plumbing system repairs,Plumbing
water heater issues,Plumbing
main line repairs,Plumbing
toilet issues,Plumbing
bathroom fixture repairs,Plumbing
kitchen fixture repairs,Plumbing
drainage solutions,Plumbing
emergency services,Plumbing
plumbing replacement,Plumbing
sewer inspections,Plumbing
sump pump inspections,Plumbing
tankless water heater repairs and installations,Plumbing
water heater inspections,Plumbing
water line inspections,Plumbing
plumbing code compliance,Plumbing
plumbing maintenance programs,Plumbing
plumbing upgrades,Plumbing
toilet repairs,Plumbing
water heater upgrades,Plumbing
water purification systems,Plumbing
water softening systems,Plumbing
water treatment systems,Plumbing
bathtub installations,Plumbing
dishwasher hookups,Plumbing
water main installations,Plumbing
bathroom remodeling and renovations,Plumbing
kitchen remodeling and renovations,Plumbing
drain field installations,Plumbing
garbage disposal replacements,Plumbing
hydro-jetting,Plumbing
leak repairs,Plumbing
plumbing for new construction,Plumbing
shower installations,Plumbing
toilet replacements and repairs,Plumbing
water heater inspections and maintenance,Plumbing
water line replacements,Plumbing
water treatment installations,Plumbing
well pump repairs and replacements,Plumbing
backflow prevention device installations,Plumbing
drain repairs,Plumbing
faucet installations and repairs,Plumbing
application crashes,Software
application errors,Software
application freezes,Software
application performance issues,Software
application not responding,Software
authentication issues,Software
browser compatibility issues,Software
compilation errors,Software
configuration issues,Software
data backup issues,Software
data corruption,Software
database connectivity issues,Software
database errors,Software
driver issues,Software
file system errors,Software
firewall issues,Software
hard disk failures,Software
installation issues,Software
internet connectivity issues,Software
network connectivity issues,Software
operating system crashes,Software
operating system errors,Software
printer connectivity issues,Software
security breaches,Software
server crashes,Software
server errors,Software
slow application performance,Software
software compatibility issues,Software
software crashes,Software
software errors,Software
software installation issues,Software
software not starting,Software
software performance issues,Software
software updates,Software
system crashes,Software
system errors,Software
system freezes,Software
system performance issues,Software
user access issues,Software
user interface issues,Software
virus removal,Software
web browser crashes,Software
web browser errors,Software
website not loading,Software
wifi connectivity issues,Software
windows updates,Software
software,Software
operating system,Software
website not working,Software
website not responding,Software
API integration issues,Software
backup and recovery issues,Software
CD/DVD drive not recognized,Software
code debugging,Software
compatibility issues,Software
database corruption,Software
email issues,Software
failed backups,Software
file permission issues,Software
firewall configuration issues,Software
hardware compatibility issues,Software
hardware configuration issues,Software
internet browser compatibility issues,Software
issues with cloud applications,Software
issues with remote access,Software
keyboard and mouse issues,Software
malware removal,Software
memory errors,Software
monitor or display issues,Software
network printing issues,Software
network security issues,Software
network setup issues,Software
operating system reinstallation,Software
outlook issues,Software
performance tuning,Software
program crashes,Software
program not responding,Software
registry errors,Software
slow computer performance,Software
software application errors,Software
software licensing issues,Software
spyware removal,Software
system errors after updates,Software
system slowdowns,Software
touchpad or pointing device issues,Software
unwanted pop-ups or advertisements,Software
video card issues,Software
webcam issues,Software
wireless router issues,Software
backup failure,Software
battery not charging,Software
blue screen of death,Software
browser hijacking,Software
computer freezes,Software
computer slow to boot,Software
computer virus,Software
connection issues,Software
crashed hard drive,Software
data loss,Software
device driver issues,Software
dll errors,Software
email server issues,Software
firewall configuration issues,Software
flash player issues,Software
frozen applications,Software
hard drive errors,Software
internet connection issues,Software
lost internet connection,Software
malware infections,Software
network connection issues,Software
network drive mapping issues,Software
outdated drivers,Software
pop-up ads,Software
printer installation issues,Software
program compatibility issues,Software
registry issues,Software
server connectivity issues,Software
slow internet speed,Software
slow network performance,Software
slow software performance,Software
software crashes after updates,Software
spam email,Software
startup errors,Software
system crashes after updates,Software
system errors,Software
system freezes after updates,Software
trojan virus,Software
unable to connect to the internet,Software
video playback issues,Software
wireless connectivity issues,Software
circuit breaker tripping,Electrical
circuit overload,Electrical
electric shock,Electrical
frequent power outages,Electrical
fuse box issues,Electrical
generator not working,Electrical
grounding issues,Electrical
heating system not working,Electrical
indoor lighting issues,Electrical
interior wiring issues,Electrical
intermittent power outages,Electrical
meter not working,Electrical
outdoor lighting issues,Electrical
outlet and switch issues,Electrical
panel upgrades,Electrical
power surges,Electrical
smoke detector issues,Electrical
switchgear issues,Electrical
thermal imaging inspections,Electrical
underground wiring issues,Electrical
wiring upgrades,Electrical
3-way switches,Electrical
Aluminum wiring,Electrical
Amps,Electrical
Ballasts,Electrical
Breakers,Electrical
Ceiling fans,Electrical
Circuit breakers,Electrical
Circuitry,Electrical
Conduits,Electrical
Electric heaters,Electrical
Electrical boxes,Electrical
Electrical code corrections,Electrical
Electrical inspections,Electrical
Electrical code corrections,Electrical
Electrical inspections,Electrical
Electrical panels,Electrical
Electrical safety inspections,Electrical
Electrical troubleshooting,Electrical
Exhaust fans,Electrical
Fiber optics,Electrical
Fixtures,Electrical
Fluorescent lighting,Electrical
Fuse boxes,Electrical
Generators,Electrical
GFCI outlets,Electrical
Grounding,Electrical
High voltage wiring,Electrical
Home automation,Electrical
Home rewiring,Electrical
Hot tub wiring,Electrical
In-wall wiring,Electrical
Indoor lighting,Electrical
Industrial lighting,Electrical
Inspections,Electrical
Intercom systems,Electrical
Knob and tube wiring,Electrical
Landscape lighting,Electrical
LED lighting,Electrical
Lighting,Electrical
Low voltage wiring,Electrical
Meter bases,Electrical
Motors,Electrical
Outdoor lighting,Electrical
Outlets,Electrical
Panel upgrades,Electrical
Pool wiring,Electrical
Power surges,Electrical
Recessed lighting,Electrical
Remodeling,Electrical
Residential wiring,Electrical
Security lighting,Electrical
Service changes,Electrical
Smoke detectors,Electrical
Spa wiring,Electrical
Surge protectors,Electrical
Switches,Electrical
Troubleshooting,Electrical
Underground wiring,Electrical
Upgrade service panels,Electrical
Wiring,Electrical
wiring,Electrical
lights,Electrical
bulbs,Electrical
outlets,Electrical
switches,Electrical
panels,Electrical
circuits,Electrical
generators,Electrical
transformers,Electrical
fuses,Electrical
cables,Electrical
receptacles,Electrical
grounding,Electrical
circuitry,Electrical
capacitors,Electrical
diodes,Electrical
resistors,Electrical
motors,Electrical
sensors,Electrical
relays,Electrical
conduits,Electrical
wireways,Electrical
hardware replacement,Hardware
hard drive failure,Hardware
motherboard issues,Hardware
display problems,Hardware
graphics card problems,Hardware
memory issues,Hardware
power supply issues,Hardware
network card issues,Hardware
USB port issues,Hardware
keyboard problems,Hardware
mouse problems,Hardware
laptop overheating,Hardware
fan issues,Hardware
CD/DVD drive issues,Hardware
data recovery,Hardware
virus removal,Hardware
malware removal,Hardware
spyware removal,Hardware
computer upgrades,Hardware
hardware upgrades,Hardware
computer installation,Hardware
printer installation,Hardware
scanner installation,Hardware
network installation,Hardware
system configuration,Hardware
BIOS updates,Hardware
firmware updates,Hardware
driver updates,Hardware
operating system upgrades,Hardware
hardware maintenance,Hardware
computer cleaning,Hardware
system optimization,Hardware
fire,Fire
fire alarm system,Fire 
sprinkler system,Fire 
smoke detectors,Fire 
fire extinguishers,Fire 
fire hoses,Fire 
fire hydrants,Fire 
emergency lighting,Fire 
escape routes,Fire 
fireproofing,Fire 
fireproof materials,Fire 
fireproof doors,Fire 
fireproof windows,Fire 
fireproof curtains,Fire 
fireproof walls,Fire 
fireproof floors,Fire 
fireproof ceilings,Fire 
fire drills,Fire 
fire safety training,Fire 
fire safety inspections,Fire 
fire safety audits,Fire 
fire safety codes,Fire 
fire safety regulations,Fire 
fire safety policies,Fire 
fire safety procedures,Fire 
fire safety equipment,Fire 
fire safety systems,Fire 
fire safety maintenance,Fire 
fire safety upgrades,Fire 
fire safety consulting,Fire 
fire safety planning,Fire 
elevator maintenance,Elevator 
elevator repair,Elevator 
elevator installation,Elevator 
elevator modernization,Elevator 
elevator upgrades,Elevator 
elevator safety,Elevator 
elevator inspections,Elevator 
elevator codes,Elevator 
elevator regulations,Elevator 
elevator policies,Elevator 
elevator procedures,Elevator 
elevator equipment,Elevator 
elevator systems,Elevator 
elevator consulting,Elevator 
elevator planning,Elevator 
elevator control systems,Elevator 
elevator motor,Elevator 
elevator door,Elevator 
elevator cab,Elevator 
elevator button,Elevator 
elevator shaft,Elevator 
elevator cable,Elevator 
elevator hoist,Elevator 
elevator hydraulic system,Elevator 
elevator traction system,Elevator 
air conditioning,HVAC 
heating systems,HVAC 
ventilation systems,HVAC 
HVAC installation,HVAC 
HVAC repair,HVAC 
HVAC maintenance,HVAC 
HVAC upgrades,HVAC 
HVAC inspections,HVAC 
HVAC codes,HVAC 
HVAC regulations,HVAC 
motherboard,Hardware 
graphics card,Hardware 
processor,Hardware 
RAM,Hardware 
power supply,Hardware 
hard drive,Hardware 
solid state drive,Hardware 
case,Hardware 
fan,Hardware 
liquid cooling,Hardware 
fire alarms,Fire 
fire suppression systems,Fire 
smoke detectors,Fire 
fire sprinklers,Fire 
fire doors,Fire 
fire extinguishers,Fire 
emergency lighting,Fire 
exit signs,Fire 
elevator, Elevator 
escalator, Elevator 
lifts, Elevator 
hoists, Elevator 
dumbwaiters, Elevator 
hydraulic elevators, Elevator 
pneumatic elevators, Elevator 
cable elevators, Elevator 
traction elevators, Elevator 
air conditioning, HVAC 
heating, HVAC 
ventilation, HVAC 
thermostats, HVAC 
air filters, HVAC 
humidifiers, HVAC 
dehumidifiers, HVAC 
air ducts, HVAC 
machinery, Mechanical 
pumps, Mechanical 
engines, Mechanical 
valves, Mechanical 
bearings, Mechanical 
gears, Mechanical 
conveyors, Mechanical 
hydraulics, Mechanical 
pneumatics, Mechanical 
motherboard failure,Hardware 
graphics card failure,Hardware 
processor failure,Hardware 
RAM failure,Hardware 
power supply failure,Hardware 
hard drive failure,Hardware 
solid state drive failure,Hardware 
overheating,Hardware 
blue screen of death,Hardware 
data recovery,Hardware 
fire alarm testing,Fire 
fire alarm maintenance,Fire 
fire extinguisher inspection,Fire 
fire suppression system installation,Fire 
fire suppression system maintenance,Fire 
elevator installation, Elevator 
elevator maintenance, Elevator 
elevator repair, Elevator 
escalator installation, Elevator 
escalator maintenance, Elevator 
escalator repair, Elevator 
air conditioner installation, HVAC 
air conditioner maintenance, HVAC 
air conditioner repair, HVAC 
heater installation, HVAC 
heater maintenance, HVAC 
heater repair, HVAC 
ventilation system installation, HVAC 
ventilation system maintenance, HVAC 
ventilation system repair, HVAC 
machine installation, Mechanical 
machine maintenance, Mechanical 
machine repair, Mechanical 
bearing replacement, Mechanical 
gear replacement, Mechanical 
valve installation, Mechanical 
valve maintenance, Mechanical 
valve repair, Mechanical
Keyword, Category
Electrical shock, Electrical
Electrocution, Electrical
Short circuit, Electrical
Electrical burn, Electrical
Arc flash, Electrical
Electrical fire, Electrical
Power outage, Electrical
Overloaded circuit, Electrical
Ground fault, Electrical
High voltage, Electrical
Low voltage, Electrical
Circuit breaker tripping, Electrical
Power surge, Electrical
Electricity overload, Electrical
Exposed wires, Electrical
Faulty wiring, Electrical
Frayed cords, Electrical
Broken plugs, Electrical
Malfunctioning appliances, Electrical
Loose connections, Electrical
Electrical safety hazards, Electrical
Electric shock drowning, Electrical
Electric fence shock, Electrical
Electrical injury, Electrical
Electric arc welding, Electrical
Electric heater safety, Electrical
Electrical safety regulations, Electrical
Electric shock therapy, Electrical
Electric fence safety, Electrical
Electric vehicle safety, Electrical
Electrical safety signs, Electrical
Electricity meter safety, Electrical
Electrical safety gloves, Electrical
Electrical safety switch, Electrical
Electrical safety symbols, Electrical
Electric fence installation, Electrical
Electrical safety inspections, Electrical
Electrical safety training, Electrical
Electrical safety equipment, Electrical
Electric vehicle charging safety, Electrical
Electrical safety checklist, Electrical
Electrical safety posters, Electrical
Electrical safety procedures, Electrical
Electrical safety tips, Electrical
Electrical safety standards, Electrical
Electrical safety precautions, Electrical
Electrical safety awareness, Electrical
Electrical safety guidelines, Electrical
Electrical safety manual, Electrical
Electrical safety plan, Electrical
Electricity, Electrical
Voltage, Electrical
Current, Electrical
Resistance, Electrical
Circuit, Electrical
Conductor, Electrical
Insulator, Electrical
Electron, Electrical
Ohm's Law, Electrical
Wattage, Electrical
Power, Electrical
Energy, Electrical
Ampere, Electrical
Voltmeter, Electrical
Ammeter, Electrical
Multimeter, Electrical
Electric field, Electrical
Magnetic field, Electrical
Capacitor, Electrical
Inductor, Electrical
Transformer, Electrical
Generator, Electrical
Alternating current, Electrical
Direct current, Electrical
Grounding, Electrical
Short circuit, Electrical
Electromagnetism, Electrical
Electric shock, Electrical
Electrical safety, Electrical
Electrical engineering, Electrical
Electrical circuits, Electrical
Electrical power systems, Electrical
Electrical machines, Electrical
Electrical components, Electrical
Electrical codes, Electrical
Electrical symbols, Electrical
Electrical testing, Electrical
Electrical troubleshooting, Electrical
Electrical maintenance, Electrical
Electrical energy storage, Electrical
Electrical insulation, Electrical
Electrical grounding and bonding, Electrical
Electrical distribution systems, Electrical
Electrical protection systems, Electrical
Electrical power generation, Electrical
Electrical motors, Electrical
Electrical lighting systems, Electrical
Electrical wiring, Electrical
Electrical panel, Electrical
Electrical appliances, Electrical
Electrical safety devices, Electrical
Electrical safety regulations, Electrical
Electrical safety signs, Electrical
Air conditioner,HVAC
Central air conditioning,HVAC
Ductless air conditioning,HVAC
Window air conditioner,HVAC
Portable air conditioner,HVAC
Split air conditioner,HVAC
Air handler,HVAC
Evaporative air cooler, HVAC
Heat pump,HVAC
Thermostat,HVAC
Compressor,HVAC
Condenser,HVAC
Refrigerant,HVAC
Air filter,HVAC
Humidifier,HVAC
Dehumidifier,HVAC
Air duct,HVAC
Air circulation,HVAC
Air quality,HVAC
Energy efficiency,HVAC
Condensation,HVAC
Freezing,HVAC
Capacity,HVAC
Air conditioning, HVAC
Heating, HVAC
Ventilation, HVAC
HVAC system, HVAC
Thermostat, HVAC
Furnace, HVAC
Heat pump, HVAC
Boiler, HVAC
Radiant heating, HVAC
Ductwork, HVAC
Air ducts, HVAC
Air filtration, HVAC
Humidification, HVAC
Dehumidification, HVAC
Airflow, HVAC
Indoor air quality, HVAC
Energy efficiency, HVAC
HVAC maintenance, HVAC
HVAC repair, HVAC
HVAC installation, HVAC
HVAC replacement, HVAC
HVAC contractor, HVAC
HVAC technician, HVAC
HVAC inspection, HVAC
HVAC cleaning, HVAC
HVAC duct cleaning, HVAC
HVAC filter replacement, HVAC
HVAC tune-up, HVAC
HVAC service agreement, HVAC
HVAC emergency repair, HVAC
HVAC warranty, HVAC
HVAC financing, HVAC
HVAC zoning, HVAC
HVAC humidifier, HVAC
HVAC dehumidifier, HVAC
HVAC air purifier, HVAC
HVAC UV lights, HVAC
HVAC ventilation system, HVAC
HVAC ductless system, HVAC
HVAC split system, HVAC
HVAC package system, HVAC
HVAC central system, HVAC
HVAC rooftop system, HVAC
HVAC mini-split system, HVAC
HVAC geothermal system, HVAC
HVAC thermostat troubleshooting, HVAC
HVAC furnace troubleshooting, HVAC
HVAC heat pump troubleshooting, HVAC
HVAC boiler troubleshooting, HVAC
Plumbing, Plumbing
Pipes, Plumbing
Drains, Plumbing 
Sinks, Plumbing
Faucets, Plumbing
Toilets, Plumbing
Showers, Plumbing
Baths, Plumbing
Water heaters, Plumbing
Tankless water heaters, Plumbing
Drain cleaning, Plumbing
Water leaks, Plumbing
Clogged drains, Plumbing
Pipe repair, Plumbing
Pipe replacement, Plumbing
Fixture installation, Plumbing
Fixture repair, Plumbing
Water pressure, Plumbing
Backflow prevention, Plumbing
Sewage systems, Plumbing
Septic tanks, Plumbing
Gas plumbing, Plumbing
Bathroom plumbing, Plumbing
Kitchen plumbing, Plumbing
Outdoor plumbing, Plumbing
Plumbing emergencies, Plumbing
Plumbing inspections, Plumbing
Plumbing maintenance, Plumbing
Plumbing tools, Plumbing
Plumbing materials, Plumbing
Plumbing fittings, Plumbing
Plumbing valves, Plumbing
Water filtration, Plumbing
Water treatment, Plumbing
Water softeners, Plumbing
Drainage systems, Plumbing
Irrigation systems, Plumbing
Water conservation, Plumbing
Elevator, Elevator
Escalator, Elevator
Lift, Elevator
Elevator maintenance, Elevator
Elevator repair, Elevator
Elevator installation, Elevator
Elevator modernization, Elevator
Elevator safety, Elevator
Elevator inspection, Elevator
Elevator codes, Elevator
Elevator regulations, Elevator
Elevator emergency, Elevator
Elevator components, Elevator
Elevator cab, Elevator
Elevator door, Elevator
Elevator motor, Elevator
Elevator brake, Elevator
Elevator cable, Elevator
Elevator pulley, Elevator
Elevator shaft, Elevator
Elevator controls, Elevator
Elevator buttons, Elevator
Elevator panel, Elevator
Elevator display, Elevator
Elevator lighting, Elevator
Elevator sensors, Elevator
Elevator phone, Elevator
Elevator intercom, Elevator
Elevator security, Elevator
Elevator access control, Elevator
Elevator key, Elevator
Elevator call system, Elevator
Elevator cab size, Elevator
Elevator capacity, Elevator
Elevator speed, Elevator
Elevator noise, Elevator
Elevator energy efficiency, Elevator
Elevator cost, Elevator
Elevator maintenance contract, Elevator
fire alarm, Fire
smoke detector, Fire
fire sprinkler, Fire
fire extinguisher, Fire
fire suppression system, Fire
fire escape plan, Fire
fire safety, Fire
fire inspection, Fire
fire regulations, Fire
fire prevention, Fire
fire emergency, Fire
fire department, Fire
firefighter, Fire
fire training, Fire
fire evacuation, Fire
fire drill, Fire
fire damage restoration, Fire
fire investigation, Fire
arson investigation, Fire
fire insurance, Fire
fireproofing, Fire
firestop, Fire
fireproof material, Fire
fire-retardant material, Fire
fireproof coating, Fire
fireproof sealant, Fire
fireproof paint, Fire
fire retardant spray, Fire
fireproof insulation, Fire
fireproof board, Fire
fire-resistant glass, Fire
fire-resistant door, Fire
fire-resistant sealant, Fire
fire-resistant clothing, Fire
fire-resistant gloves, Fire
fire-resistant boots, Fire
fire-resistant helmet, Fire
fire-resistant mask, Fire
fire-resistant fabric, Fire
fire-resistant furniture, Fire
fire-resistant bedding, Fire
fire-resistant carpet, Fire
fire-resistant wallpaper, Fire
fire-resistant paint, Fire
fire-resistant building materials, Fire
fire-resistant landscaping, Fire
fire-resistant plants, Fire
computer hardware, Hardware
computer software, Software
computer network, Software
computer security, Software
computer maintenance, Hardware
computer repair, Hardware
computer upgrade, Hardware
computer installation, Hardware
computer troubleshooting, Hardware
computer backup, Software
computer recovery, Software
computer virus, Software
computer malware, Software
computer spyware, Software
computer firewall, Hardware
computer encryption, Software
computer data center, Hardware
computer cloud, Hardware
computer server, Hardware
computer workstation, Hardware
computer laptop, Hardware
laptop, Hardware
computer desktop, Hardware
desktop, Hardware
computer monitor, Hardware
monitor, Hardware
computer printer, Hardware
printer, Hardware
computer keyboard, Hardware
keyboard, Hardware
computer mouse, Hardware
mouse, Hardware
computer scanner, Hardware
scanner, Hardware
computer speakers, Hardware
speakers, Hardware
computer microphone, Hardware
microphone, Hardware
computer headset, Hardware
headset, Hardware
computer webcam, Hardware
webcam, Hardware
computer cable, Hardware
computer power supply, Hardware
computer fan, Hardware
computer cooling system, Hardware
computer storage, Hardware
computer memory, Hardware
memory, Hardware
computer processor, Hardware
processor, Hardware
computer motherboard, Hardware
motherboard, Hardware
computer graphics card, Hardware
graphics card, Hardware
computer sound card, Hardware
sound card, Hardware
computer optical drive, Hardware
optical drive, Hardware
computer input device, Hardware
computer output device, Hardware
computer peripheral, Hardware
peripheral, Hardware
web, Software
website, Software
web app, Software
web page, Software
software bugs, Software
code, Software
coding, Software
program, Software
application, Software
operating system, Software
Server cable, Hardware
Server, Hardware
Server System, Hardware
Server Software, Software
Server maintenance, Hardware
Server repair, Hardware
Server update, Software
Server upgrade, Hardware
Assembling furniture, Handyman
Hanging shelves, Handyman
Painting walls, Handyman
Repairing drywall, Handyman
Cleaning gutters, Handyman
Replacing light fixtures, Handyman
Replacing electrical switches, Handyman
Fixing squeaky doors, Handyman
Replacing broken tiles, Handyman
Sealing gaps in windows, Handyman
Building shelves, Handyman
Installing blinds, Handyman
Installing curtains, Handyman
Repairing fences, Handyman
Pressure washing, Handyman
Gardening, Handyman
Mowing lawn, Handyman
Trimming trees, Handyman
Fixing garage door, Handyman
Installing garage shelves, Handyman
Cleaning garage, Handyman
Replacing door handles, Handyman
Installing pet doors, Handyman
Fixing broken locks, Handyman
Repairing roof, Handyman
Installing attic insulation, Handyman
Replacing baseboards, Handyman
Repairing stairs, Handyman
Installing handrails, Handyman
Repairing decks, Handyman
Installing fence gates, Handyman
Assembling playground equipment, Handyman
Repairing patio furniture, Handyman
Installing outdoor lighting, Handyman
Cleaning pool, Handyman
Repairing pool equipment, Handyman
Installing new pool equipment, Handyman
Installing flagpole, Handyman
Repairing sprinkler system, Handyman
Installing security cameras, Handyman
Repairing concrete, Handyman
Fixing drainage problems, Handyman
Installing mailbox, Handyman
Installing new locks, Handyman
Industrial robots, Mechanical
Hydraulic press, Mechanical
Machine tools, Mechanical
CNC machines, Mechanical
Injection molding machines, Mechanical
Lathes, Mechanical
Drilling machines, Mechanical
Milling machines, Mechanical
Grinding machines, Mechanical
Cutting machines, Mechanical
Shearing machines, Mechanical
Punching machines, Mechanical
Bending machines, Mechanical
Forging machines, Mechanical
Rolling machines, Mechanical
Extrusion machines, Mechanical
Welding machines, Mechanical
Soldering machines, Mechanical
Assembly machines, Mechanical
Packaging machines, Mechanical
Conveyor systems, Mechanical
Printing presses, Mechanical
Textile machines, Mechanical
Paper machines, Mechanical
Woodworking machines, Mechanical
Metalworking machines, Mechanical
Food processing machines, Mechanical
Pharmaceutical machines, Mechanical
Chemical processing machines, Mechanical
Mining machines, Mechanical
Construction machines, Mechanical
Excavators, Mechanical
Bulldozers, Mechanical
Cranes, Mechanical
Loaders, Mechanical
Forklifts, Mechanical
Generators, Mechanical
Compressors, Mechanical
Pumps, Mechanical
Turbines, Mechanical
Engines, Mechanical
Transmissions, Mechanical
Gearboxes, Mechanical
Bearings, Mechanical
Couplings, Mechanical
Shafts, Mechanical
Springs, Mechanical
Fasteners, Mechanical
Machine repair, Mechanical
Equipment maintenance, Mechanical
Machinery inspection, Mechanical
Precision machining, Mechanical
Metal fabrication, Mechanical
Welding and fabrication, Mechanical
Machine installation, Mechanical
Machinery alignment, Mechanical
Machine calibration, Mechanical
Machinery cleaning, Mechanical
Equipment refurbishment, Mechanical
Machine safety inspections, Mechanical
Metal polishing, Mechanical
Machine troubleshooting, Mechanical
Machine upgrades, Mechanical
Machinery relocation, Mechanical
Machine refurbishing, Mechanical
Equipment modification, Mechanical
Machine rebuilding, Mechanical
Machinery overhaul, Mechanical
Machinery restoration, Mechanical
Machine retrofits, Mechanical
Machine relocation, Mechanical
Machinery rebuilding, Mechanical
Machine rebuilding, Mechanical
Machine restoration, Mechanical
Machine cleaning, Mechanical
Equipment cleaning, Mechanical
Machine modification, Mechanical
Machinery upgrades, Mechanical
Machine upgrades, Mechanical
Machinery refurbishing, Mechanical
Machine refurbishment, Mechanical
Machine retrofitting, Mechanical
Machine overhauls, Mechanical
Machinery retrofits, Mechanical
Machine tool repair, Mechanical
Machine rebuilding services, Mechanical
Equipment rebuilding, Mechanical
Machinery maintenance, Mechanical
Machine tool maintenance, Mechanical
Equipment calibration, Mechanical
Machinery calibration, Mechanical
Machine automation, Mechanical
Machinery automation, Mechanical
Machine design, Mechanical
Machinery design, Mechanical
computer,hardware
computer screen,hardware
computer pc,hardware
computer,hardware
